id,domain,store_url,quality_type,source,source_rank,estimated_visitors_per_day,global_popularity_rank,ip,source_site_id,record_update_time
1,pch.com,https://pch.com,Professional custom-domain Shopify store,MyIP.ms Shopify Inc hosting ranked sites,2,210000,1801,23.227.38.65,421,"15 Jul 2026, 02:42"
2,barnesandnoble.com,https://barnesandnoble.com,Professional custom-domain Shopify store,MyIP.ms Shopify Inc hosting ranked sites,4,168000,2588,23.227.38.65,747,"15 Jul 2026, 02:42"
3,jbhifi.com.au,https://jbhifi.com.au,Professional custom-domain Shopify store,MyIP.ms Shopify Inc hosting ranked sites,6,73000,4255,23.227.38.32,16861,"15 Jul 2026, 02:42"
4,matchesfashion.com,https://matchesfashion.com,Professional custom-domain Shopify store,MyIP.ms Shopify Inc hosting ranked sites,8,37500,5708,23.227.38.65,12687,"15 Jul 2026, 02:42"
5,burton.com,https://burton.com,Professional custom-domain Shopify store,MyIP.ms Shopify Inc hosting ranked sites,9,37400,5760,23.227.38.74,33107,"15 Jul 2026, 02:42"
6,fashionnova.com,https://fashionnova.com,Professional custom-domain Shopify store,MyIP.ms Shopify Inc hosting ranked sites,11,29700,8434,23.227.38.32,4213441,"15 Jul 2026, 02:42"
7,bodybuilding.com,https://bodybuilding.com,Professional custom-domain Shopify store,MyIP.ms Shopify Inc hosting ranked sites,12,25300,9662,23.227.38.65,709,"15 Jul 2026, 02:42"
8,skims.com,https://skims.com,Professional custom-domain Shopify store,MyIP.ms Shopify Inc hosting ranked sites,13,25500,9835,23.227.38.65,17900637,"15 Jul 2026, 02:42"
9,indigo.ca,https://indigo.ca,Professional custom-domain Shopify store,MyIP.ms Shopify Inc hosting ranked sites,14,24800,10310,23.227.38.65,10640,"15 Jul 2026, 02:42"
10,snitch.co.in,https://snitch.co.in,Professional custom-domain Shopify store,MyIP.ms Shopify Inc hosting ranked sites,15,24600,10620,23.227.38.32,20817850,"15 Jul 2026, 02:42"
11,boat-lifestyle.com,https://boat-lifestyle.com,Professional custom-domain Shopify store,MyIP.ms Shopify Inc hosting ranked sites,16,24500,11347,23.227.38.32,8091805,"15 Jul 2026, 02:42"
12,zulily.com,https://zulily.com,Professional custom-domain Shopify store,MyIP.ms Shopify Inc hosting ranked sites,17,24400,11523,23.227.38.65,1621,"15 Jul 2026, 02:42"
13,greatergood.com,https://greatergood.com,Professional custom-domain Shopify store,MyIP.ms Shopify Inc hosting ranked sites,18,24300,11540,23.227.38.65,42109,"15 Jul 2026, 02:42"
14,keychron.com,https://keychron.com,Professional custom-domain Shopify store,MyIP.ms Shopify Inc hosting ranked sites,20,23900,12736,23.227.38.32,15599464,"15 Jul 2026, 02:42"
15,fearofgod.com,https://fearofgod.com,Professional custom-domain Shopify store,MyIP.ms Shopify Inc hosting ranked sites,21,23700,13300,23.227.38.65,7089664,"15 Jul 2026, 12:21"
16,society6.com,https://society6.com,Professional custom-domain Shopify store,MyIP.ms Shopify Inc hosting ranked sites,22,23600,13528,23.227.38.71,5718,"15 Jul 2026, 02:42"
17,fangpi.net,https://fangpi.net,Professional custom-domain Shopify store,MyIP.ms Shopify Inc hosting ranked sites,23,23300,13798,23.227.38.33,18040300,"15 Jul 2026, 02:42"
18,daisonet.com,https://daisonet.com,Professional custom-domain Shopify store,MyIP.ms Shopify Inc hosting ranked sites,24,23300,14224,23.227.38.65,21491565,"15 Jul 2026, 02:42"
19,pimax.com,https://pimax.com,Professional custom-domain Shopify store,MyIP.ms Shopify Inc hosting ranked sites,26,23000,14983,23.227.38.65,18334450,"15 Jul 2026, 02:42"
20,nzxt.com,https://nzxt.com,Professional custom-domain Shopify store,MyIP.ms Shopify Inc hosting ranked sites,27,22800,15100,23.227.38.65,84327,"15 Jul 2026, 02:42"
21,mamaearth.in,https://mamaearth.in,Professional custom-domain Shopify store,MyIP.ms Shopify Inc hosting ranked sites,28,22800,15160,23.227.38.65,9546413,"15 Jul 2026, 02:42"
22,softwarekeep.com,https://softwarekeep.com,Professional custom-domain Shopify store,MyIP.ms Shopify Inc hosting ranked sites,29,22300,16214,23.227.38.65,8202553,"15 Jul 2026, 02:42"
23,wyze.com,https://wyze.com,Professional custom-domain Shopify store,MyIP.ms Shopify Inc hosting ranked sites,30,22400,16597,23.227.38.33,16110218,"15 Jul 2026, 02:42"
24,sreeleathers.com,https://sreeleathers.com,Professional custom-domain Shopify store,MyIP.ms Shopify Inc hosting ranked sites,31,21300,18746,23.227.38.65,412941,"15 Jul 2026, 02:42"
25,louisck.com,https://louisck.com,Professional custom-domain Shopify store,MyIP.ms Shopify Inc hosting ranked sites,32,21300,18757,23.227.38.65,1226502,"15 Jul 2026, 02:42"
26,thegoodguys.com.au,https://thegoodguys.com.au,Professional custom-domain Shopify store,MyIP.ms Shopify Inc hosting ranked sites,33,21200,18921,23.227.38.65,43395,"15 Jul 2026, 02:42"
27,karl.com,https://karl.com,Professional custom-domain Shopify store,MyIP.ms Shopify Inc hosting ranked sites,34,21400,18962,23.227.38.65,403604,"15 Jul 2026, 05:27"
28,derimod.com.tr,https://derimod.com.tr,Professional custom-domain Shopify store,MyIP.ms Shopify Inc hosting ranked sites,35,21200,19028,23.227.38.45,723798,"15 Jul 2026, 02:42"
29,decathlon.com,https://decathlon.com,Professional custom-domain Shopify store,MyIP.ms Shopify Inc hosting ranked sites,36,20900,19782,23.227.38.32,112237,"15 Jul 2026, 02:42"
30,advwin.com.au,https://advwin.com.au,Professional custom-domain Shopify store,MyIP.ms Shopify Inc hosting ranked sites,37,20900,19804,23.227.38.32,23005426,"15 Jul 2026, 02:42"
31,americanmeadows.com,https://americanmeadows.com,Professional custom-domain Shopify store,MyIP.ms Shopify Inc hosting ranked sites,38,20300,21142,23.227.38.65,154351,"15 Jul 2026, 02:42"
32,piccalio.com,https://piccalio.com,Professional custom-domain Shopify store,MyIP.ms Shopify Inc hosting ranked sites,39,20500,21283,23.227.38.32,23031171,"15 Jul 2026, 02:42"
33,dickies.com,https://dickies.com,Professional custom-domain Shopify store,MyIP.ms Shopify Inc hosting ranked sites,40,19900,22010,23.227.38.65,57653,"15 Jul 2026, 02:42"
34,okbands.com,https://okbands.com,Professional custom-domain Shopify store,MyIP.ms Shopify Inc hosting ranked sites,41,20000,22450,23.227.38.32,20172047,"15 Jul 2026, 02:42"
35,empava.com,https://empava.com,Professional custom-domain Shopify store,MyIP.ms Shopify Inc hosting ranked sites,42,19700,22582,23.227.38.65,17823776,"15 Jul 2026, 02:42"
36,goatguns.com,https://goatguns.com,Professional custom-domain Shopify store,MyIP.ms Shopify Inc hosting ranked sites,43,19600,22837,23.227.38.74,9747591,"15 Jul 2026, 02:42"
37,time4learning.com,https://time4learning.com,Professional custom-domain Shopify store,MyIP.ms Shopify Inc hosting ranked sites,44,19600,22863,23.227.38.65,39300,"15 Jul 2026, 02:42"
38,seemoorg.com,https://seemoorg.com,Professional custom-domain Shopify store,MyIP.ms Shopify Inc hosting ranked sites,45,19500,22975,23.227.38.32,26140841,"15 Jul 2026, 02:42"
39,bluhouzz.com,https://bluhouzz.com,Professional custom-domain Shopify store,MyIP.ms Shopify Inc hosting ranked sites,46,19700,23152,23.227.38.65,26140809,"15 Jul 2026, 02:42"
40,rudsak.com,https://rudsak.com,Professional custom-domain Shopify store,MyIP.ms Shopify Inc hosting ranked sites,48,19400,23419,23.227.38.64,2768661,"15 Jul 2026, 02:42"
41,boministore.com,https://boministore.com,Professional custom-domain Shopify store,MyIP.ms Shopify Inc hosting ranked sites,49,19600,23433,23.227.38.65,22863600,"15 Jul 2026, 02:42"
42,highcountrygardens.com,https://highcountrygardens.com,Professional custom-domain Shopify store,MyIP.ms Shopify Inc hosting ranked sites,50,19300,23534,23.227.38.65,265119,"15 Jul 2026, 02:42"
43,avada.io,https://avada.io,Professional custom-domain Shopify store,Avada Top 500 Shopify Stores article,1,,,,,
44,yoast.com,https://yoast.com,Professional custom-domain Shopify store,Avada Top 500 Shopify Stores article,2,,,,,
45,2favada.io,https://2favada.io,Professional custom-domain Shopify store,Avada Top 500 Shopify Stores article,3,,,,,
46,pxf.io,https://pxf.io,Professional custom-domain Shopify store,Avada Top 500 Shopify Stores article,4,,,,,
47,openai.com,https://openai.com,Professional custom-domain Shopify store,Avada Top 500 Shopify Stores article,5,,,,,
48,3aavada.io,https://3aavada.io,Professional custom-domain Shopify store,Avada Top 500 Shopify Stores article,6,,,,,
49,colourpop.com,https://colourpop.com,Professional custom-domain Shopify store,Avada Top 500 Shopify Stores article,7,,,,,
50,jeffreestarcosmetics.com,https://jeffreestarcosmetics.com,Professional custom-domain Shopify store,Avada Top 500 Shopify Stores article,8,,,,,
51,kyliecosmetics.com,https://kyliecosmetics.com,Professional custom-domain Shopify store,Avada Top 500 Shopify Stores article,10,,,,,
52,skinnydiplondon.com,https://skinnydiplondon.com,Professional custom-domain Shopify store,Avada Top 500 Shopify Stores article,11,,,,,
53,mvmtwatches.com,https://mvmtwatches.com,Professional custom-domain Shopify store,Avada Top 500 Shopify Stores article,12,,,,,
54,thegldshop.com,https://thegldshop.com,Professional custom-domain Shopify store,Avada Top 500 Shopify Stores article,13,,,,,
55,morphebrushes.com,https://morphebrushes.com,Professional custom-domain Shopify store,Avada Top 500 Shopify Stores article,14,,,,,
56,unifclothing.com,https://unifclothing.com,Professional custom-domain Shopify store,Avada Top 500 Shopify Stores article,15,,,,,
57,citiesocial.com,https://citiesocial.com,Professional custom-domain Shopify store,Avada Top 500 Shopify Stores article,16,,,,,
58,spigen.com,https://spigen.com,Professional custom-domain Shopify store,Avada Top 500 Shopify Stores article,17,,,,,
59,gymshark.com,https://gymshark.com,Professional custom-domain Shopify store,Avada Top 500 Shopify Stores article,18,,,,,
60,bajaao.com,https://bajaao.com,Professional custom-domain Shopify store,Avada Top 500 Shopify Stores article,19,,,,,
61,popsockets.com,https://popsockets.com,Professional custom-domain Shopify store,Avada Top 500 Shopify Stores article,20,,,,,
62,cupshe.com,https://cupshe.com,Professional custom-domain Shopify store,Avada Top 500 Shopify Stores article,21,,,,,
63,sugarandcotton.com,https://sugarandcotton.com,Professional custom-domain Shopify store,Avada Top 500 Shopify Stores article,22,,,,,
64,gfuel.com,https://gfuel.com,Professional custom-domain Shopify store,Avada Top 500 Shopify Stores article,23,,,,,
65,kith.com,https://kith.com,Professional custom-domain Shopify store,Avada Top 500 Shopify Stores article,24,,,,,
66,elementalknives.com,https://elementalknives.com,Professional custom-domain Shopify store,Avada Top 500 Shopify Stores article,25,,,,,
67,triangl.com,https://triangl.com,Professional custom-domain Shopify store,Avada Top 500 Shopify Stores article,26,,,,,
68,antsylabs.com,https://antsylabs.com,Professional custom-domain Shopify store,Avada Top 500 Shopify Stores article,27,,,,,
69,hawkersco.com,https://hawkersco.com,Professional custom-domain Shopify store,Avada Top 500 Shopify Stores article,28,,,,,
70,packershoes.com,https://packershoes.com,Professional custom-domain Shopify store,Avada Top 500 Shopify Stores article,29,,,,,
71,kingice.com,https://kingice.com,Professional custom-domain Shopify store,Avada Top 500 Shopify Stores article,30,,,,,
72,stampd.com,https://stampd.com,Professional custom-domain Shopify store,Avada Top 500 Shopify Stores article,31,,,,,
73,ripndipclothing.com,https://ripndipclothing.com,Professional custom-domain Shopify store,Avada Top 500 Shopify Stores article,32,,,,,
74,bombshellsportswear.com,https://bombshellsportswear.com,Professional custom-domain Shopify store,Avada Top 500 Shopify Stores article,33,,,,,
75,thirdlove.com,https://thirdlove.com,Professional custom-domain Shopify store,Avada Top 500 Shopify Stores article,34,,,,,
76,shopmissa.com,https://shopmissa.com,Professional custom-domain Shopify store,Avada Top 500 Shopify Stores article,35,,,,,
77,misthub.com,https://misthub.com,Professional custom-domain Shopify store,Avada Top 500 Shopify Stores article,36,,,,,
78,thepihut.com,https://thepihut.com,Professional custom-domain Shopify store,Avada Top 500 Shopify Stores article,37,,,,,
79,hut.com,https://hut.com,Professional custom-domain Shopify store,Avada Top 500 Shopify Stores article,38,,,,,
80,lotusleggings.com,https://lotusleggings.com,Professional custom-domain Shopify store,Avada Top 500 Shopify Stores article,39,,,,,
81,dailysteals.com,https://dailysteals.com,Professional custom-domain Shopify store,Avada Top 500 Shopify Stores article,40,,,,,
82,camerareadycosmetics.com,https://camerareadycosmetics.com,Professional custom-domain Shopify store,Avada Top 500 Shopify Stores article,41,,,,,
83,foreverspin.com,https://foreverspin.com,Professional custom-domain Shopify store,Avada Top 500 Shopify Stores article,42,,,,,
84,sokoglam.com,https://sokoglam.com,Professional custom-domain Shopify store,Avada Top 500 Shopify Stores article,43,,,,,
85,lagarconne.com,https://lagarconne.com,Professional custom-domain Shopify store,Avada Top 500 Shopify Stores article,44,,,,,
86,mahabis.com,https://mahabis.com,Professional custom-domain Shopify store,Avada Top 500 Shopify Stores article,45,,,,,
87,teeturtle.com,https://teeturtle.com,Professional custom-domain Shopify store,Avada Top 500 Shopify Stores article,46,,,,,
88,buykud.com,https://buykud.com,Professional custom-domain Shopify store,Avada Top 500 Shopify Stores article,47,,,,,
89,teknostore.com,https://teknostore.com,Professional custom-domain Shopify store,Avada Top 500 Shopify Stores article,48,,,,,
90,mahiya.com,https://mahiya.com,Professional custom-domain Shopify store,Avada Top 500 Shopify Stores article,49,,,,,
91,notre-shop.com,https://notre-shop.com,Professional custom-domain Shopify store,Avada Top 500 Shopify Stores article,50,,,,,
92,allbirds.com,https://allbirds.com,Professional custom-domain Shopify store,Avada Top 500 Shopify Stores article,51,,,,,
93,puravidabracelets.com,https://puravidabracelets.com,Professional custom-domain Shopify store,Avada Top 500 Shopify Stores article,52,,,,,
94,bdgastore.com,https://bdgastore.com,Professional custom-domain Shopify store,Avada Top 500 Shopify Stores article,53,,,,,
95,hawkersmexico.com,https://hawkersmexico.com,Professional custom-domain Shopify store,Avada Top 500 Shopify Stores article,54,,,,,
96,headphonezone.in,https://headphonezone.in,Professional custom-domain Shopify store,Avada Top 500 Shopify Stores article,55,,,,,
97,sisterjane.com,https://sisterjane.com,Professional custom-domain Shopify store,Avada Top 500 Shopify Stores article,56,,,,,
98,brooklinen.com,https://brooklinen.com,Professional custom-domain Shopify store,Avada Top 500 Shopify Stores article,57,,,,,
99,riptapparel.com,https://riptapparel.com,Professional custom-domain Shopify store,Avada Top 500 Shopify Stores article,58,,,,,
100,rageon.com,https://rageon.com,Professional custom-domain Shopify store,Avada Top 500 Shopify Stores article,59,,,,,
101,chubbiesshorts.com,https://chubbiesshorts.com,Professional custom-domain Shopify store,Avada Top 500 Shopify Stores article,60,,,,,
102,geekbuds.com,https://geekbuds.com,Professional custom-domain Shopify store,Avada Top 500 Shopify Stores article,61,,,,,
103,representclothing.co,https://representclothing.co,Professional custom-domain Shopify store,Avada Top 500 Shopify Stores article,62,,,,,
104,zoofashions.com,https://zoofashions.com,Professional custom-domain Shopify store,Avada Top 500 Shopify Stores article,63,,,,,
105,dollarbender.com,https://dollarbender.com,Professional custom-domain Shopify store,Avada Top 500 Shopify Stores article,64,,,,,
106,dope.com,https://dope.com,Professional custom-domain Shopify store,Avada Top 500 Shopify Stores article,65,,,,,
107,ebarza.com,https://ebarza.com,Professional custom-domain Shopify store,Avada Top 500 Shopify Stores article,66,,,,,
108,vapes.com,https://vapes.com,Professional custom-domain Shopify store,Avada Top 500 Shopify Stores article,67,,,,,
109,brands4all.com,https://brands4all.com,Professional custom-domain Shopify store,Avada Top 500 Shopify Stores article,68,,,,,
110,themusiczoo.com,https://themusiczoo.com,Professional custom-domain Shopify store,Avada Top 500 Shopify Stores article,69,,,,,
111,vanityplanet.com,https://vanityplanet.com,Professional custom-domain Shopify store,Avada Top 500 Shopify Stores article,70,,,,,
112,culturekings.com,https://culturekings.com,Professional custom-domain Shopify store,Avada Top 500 Shopify Stores article,72,,,,,
113,slidebelts.com,https://slidebelts.com,Professional custom-domain Shopify store,Avada Top 500 Shopify Stores article,73,,,,,
114,onlyny.com,https://onlyny.com,Professional custom-domain Shopify store,Avada Top 500 Shopify Stores article,74,,,,,
115,mondotees.com,https://mondotees.com,Professional custom-domain Shopify store,Avada Top 500 Shopify Stores article,75,,,,,
116,ticwear.com,https://ticwear.com,Professional custom-domain Shopify store,Avada Top 500 Shopify Stores article,76,,,,,
117,sivanaspirit.com,https://sivanaspirit.com,Professional custom-domain Shopify store,Avada Top 500 Shopify Stores article,77,,,,,
118,turntablelab.com,https://turntablelab.com,Professional custom-domain Shopify store,Avada Top 500 Shopify Stores article,78,,,,,
119,survivalfrog.com,https://survivalfrog.com,Professional custom-domain Shopify store,Avada Top 500 Shopify Stores article,79,,,,,
120,valfre.com,https://valfre.com,Professional custom-domain Shopify store,Avada Top 500 Shopify Stores article,80,,,,,
121,naturalbabyshower.co,https://naturalbabyshower.co,Professional custom-domain Shopify store,Avada Top 500 Shopify Stores article,81,,,,,
122,juviasplace.com,https://juviasplace.com,Professional custom-domain Shopify store,Avada Top 500 Shopify Stores article,82,,,,,
123,getinkbox.com,https://getinkbox.com,Professional custom-domain Shopify store,Avada Top 500 Shopify Stores article,83,,,,,
124,xeniaboutique.com,https://xeniaboutique.com,Professional custom-domain Shopify store,Avada Top 500 Shopify Stores article,84,,,,,
125,untuckit.com,https://untuckit.com,Professional custom-domain Shopify store,Avada Top 500 Shopify Stores article,85,,,,,
126,smokecartel.com,https://smokecartel.com,Professional custom-domain Shopify store,Avada Top 500 Shopify Stores article,86,,,,,
127,exportleftovers.com,https://exportleftovers.com,Professional custom-domain Shopify store,Avada Top 500 Shopify Stores article,87,,,,,
128,outofthesandbox.com,https://outofthesandbox.com,Professional custom-domain Shopify store,Avada Top 500 Shopify Stores article,88,,,,,
129,boardwalkbuy.com,https://boardwalkbuy.com,Professional custom-domain Shopify store,Avada Top 500 Shopify Stores article,89,,,,,
130,sunglassesninja.com,https://sunglassesninja.com,Professional custom-domain Shopify store,Avada Top 500 Shopify Stores article,90,,,,,
131,grantcardone.com,https://grantcardone.com,Professional custom-domain Shopify store,Avada Top 500 Shopify Stores article,91,,,,,
132,mysecretwood.com,https://mysecretwood.com,Professional custom-domain Shopify store,Avada Top 500 Shopify Stores article,92,,,,,
133,drdabber.com,https://drdabber.com,Professional custom-domain Shopify store,Avada Top 500 Shopify Stores article,93,,,,,
134,gruntstyle.com,https://gruntstyle.com,Professional custom-domain Shopify store,Avada Top 500 Shopify Stores article,94,,,,,
135,gonoise.com,https://gonoise.com,Professional custom-domain Shopify store,Avada Top 500 Shopify Stores article,95,,,,,
136,lovepopcards.com,https://lovepopcards.com,Professional custom-domain Shopify store,Avada Top 500 Shopify Stores article,96,,,,,
137,breazy.com,https://breazy.com,Professional custom-domain Shopify store,Avada Top 500 Shopify Stores article,97,,,,,
138,getchip.com,https://getchip.com,Professional custom-domain Shopify store,Avada Top 500 Shopify Stores article,98,,,,,
139,powdercity.com,https://powdercity.com,Professional custom-domain Shopify store,Avada Top 500 Shopify Stores article,99,,,,,
140,featuresneakerboutique.com,https://featuresneakerboutique.com,Professional custom-domain Shopify store,Avada Top 500 Shopify Stores article,100,,,,,
141,statusanxiety.com,https://statusanxiety.com,Professional custom-domain Shopify store,Avada Top 500 Shopify Stores article,101,,,,,
142,outdoorvoices.com,https://outdoorvoices.com,Professional custom-domain Shopify store,Avada Top 500 Shopify Stores article,102,,,,,
143,bando.com,https://bando.com,Professional custom-domain Shopify store,Avada Top 500 Shopify Stores article,103,,,,,
144,mansurgavriel.com,https://mansurgavriel.com,Professional custom-domain Shopify store,Avada Top 500 Shopify Stores article,104,,,,,
145,tanotis.com,https://tanotis.com,Professional custom-domain Shopify store,Avada Top 500 Shopify Stores article,105,,,,,
146,toddsnyder.com,https://toddsnyder.com,Professional custom-domain Shopify store,Avada Top 500 Shopify Stores article,106,,,,,
147,shopvida.com,https://shopvida.com,Professional custom-domain Shopify store,Avada Top 500 Shopify Stores article,107,,,,,
148,leesa.com,https://leesa.com,Professional custom-domain Shopify store,Avada Top 500 Shopify Stores article,108,,,,,
149,bombas.com,https://bombas.com,Professional custom-domain Shopify store,Avada Top 500 Shopify Stores article,109,,,,,
150,killstar.com,https://killstar.com,Professional custom-domain Shopify store,Avada Top 500 Shopify Stores article,110,,,,,
151,thechivery.com,https://thechivery.com,Professional custom-domain Shopify store,Avada Top 500 Shopify Stores article,111,,,,,
152,cotopaxi.com,https://cotopaxi.com,Professional custom-domain Shopify store,Avada Top 500 Shopify Stores article,112,,,,,
153,lifx.com,https://lifx.com,Professional custom-domain Shopify store,Avada Top 500 Shopify Stores article,113,,,,,
154,peachandlily.com,https://peachandlily.com,Professional custom-domain Shopify store,Avada Top 500 Shopify Stores article,114,,,,,
155,hakshop.com,https://hakshop.com,Professional custom-domain Shopify store,Avada Top 500 Shopify Stores article,115,,,,,
156,boombycindyjoseph.com,https://boombycindyjoseph.com,Professional custom-domain Shopify store,Avada Top 500 Shopify Stores article,116,,,,,
157,sharkrobot.com,https://sharkrobot.com,Professional custom-domain Shopify store,Avada Top 500 Shopify Stores article,117,,,,,
158,bodycandy.com,https://bodycandy.com,Professional custom-domain Shopify store,Avada Top 500 Shopify Stores article,118,,,,,
159,mrcnoir.com,https://mrcnoir.com,Professional custom-domain Shopify store,Avada Top 500 Shopify Stores article,119,,,,,
160,edensgarden.com,https://edensgarden.com,Professional custom-domain Shopify store,Avada Top 500 Shopify Stores article,120,,,,,
161,gpen.com,https://gpen.com,Professional custom-domain Shopify store,Avada Top 500 Shopify Stores article,121,,,,,
162,wildflowercases.com,https://wildflowercases.com,Professional custom-domain Shopify store,Avada Top 500 Shopify Stores article,122,,,,,
163,loveyourmelon.com,https://loveyourmelon.com,Professional custom-domain Shopify store,Avada Top 500 Shopify Stores article,123,,,,,
164,blinkforhome.com,https://blinkforhome.com,Professional custom-domain Shopify store,Avada Top 500 Shopify Stores article,124,,,,,
165,thursdayboots.com,https://thursdayboots.com,Professional custom-domain Shopify store,Avada Top 500 Shopify Stores article,125,,,,,
166,johnelliott.co,https://johnelliott.co,Professional custom-domain Shopify store,Avada Top 500 Shopify Stores article,126,,,,,
167,johnnyshades.com,https://johnnyshades.com,Professional custom-domain Shopify store,Avada Top 500 Shopify Stores article,127,,,,,
168,qalo.com,https://qalo.com,Professional custom-domain Shopify store,Avada Top 500 Shopify Stores article,128,,,,,
169,jolynclothing.com,https://jolynclothing.com,Professional custom-domain Shopify store,Avada Top 500 Shopify Stores article,129,,,,,
170,gulahmedshop.com,https://gulahmedshop.com,Professional custom-domain Shopify store,Avada Top 500 Shopify Stores article,130,,,,,
171,flatspot.com,https://flatspot.com,Professional custom-domain Shopify store,Avada Top 500 Shopify Stores article,131,,,,,
172,hellonomad.com,https://hellonomad.com,Professional custom-domain Shopify store,Avada Top 500 Shopify Stores article,132,,,,,
173,saberforge.com,https://saberforge.com,Professional custom-domain Shopify store,Avada Top 500 Shopify Stores article,133,,,,,
174,huel.com,https://huel.com,Professional custom-domain Shopify store,Avada Top 500 Shopify Stores article,134,,,,,
175,deadstock.ca,https://deadstock.ca,Professional custom-domain Shopify store,Avada Top 500 Shopify Stores article,135,,,,,
176,mmawarehouse.com,https://mmawarehouse.com,Professional custom-domain Shopify store,Avada Top 500 Shopify Stores article,136,,,,,
177,deramores.com,https://deramores.com,Professional custom-domain Shopify store,Avada Top 500 Shopify Stores article,137,,,,,
178,frontlinevideos.com,https://frontlinevideos.com,Professional custom-domain Shopify store,Avada Top 500 Shopify Stores article,138,,,,,
179,case-mate.com,https://case-mate.com,Professional custom-domain Shopify store,Avada Top 500 Shopify Stores article,139,,,,,
180,100percentpure.com,https://100percentpure.com,Professional custom-domain Shopify store,Avada Top 500 Shopify Stores article,140,,,,,
181,quayaustralia.com,https://quayaustralia.com,Professional custom-domain Shopify store,Avada Top 500 Shopify Stores article,141,,,,,
182,headphone.com,https://headphone.com,Professional custom-domain Shopify store,Avada Top 500 Shopify Stores article,142,,,,,
183,taylorstitch.com,https://taylorstitch.com,Professional custom-domain Shopify store,Avada Top 500 Shopify Stores article,143,,,,,
184,stitch.com,https://stitch.com,Professional custom-domain Shopify store,Avada Top 500 Shopify Stores article,144,,,,,
185,regalrose.co,https://regalrose.co,Professional custom-domain Shopify store,Avada Top 500 Shopify Stores article,145,,,,,
186,locobeauty.com,https://locobeauty.com,Professional custom-domain Shopify store,Avada Top 500 Shopify Stores article,146,,,,,
187,shopzerouv.com,https://shopzerouv.com,Professional custom-domain Shopify store,Avada Top 500 Shopify Stores article,147,,,,,
188,discountclothingdirect.com,https://discountclothingdirect.com,Professional custom-domain Shopify store,Avada Top 500 Shopify Stores article,148,,,,,
189,alphaleteathletics.com,https://alphaleteathletics.com,Professional custom-domain Shopify store,Avada Top 500 Shopify Stores article,149,,,,,
190,parachutehome.com,https://parachutehome.com,Professional custom-domain Shopify store,Avada Top 500 Shopify Stores article,150,,,,,
191,thecriticalslidesociety.com,https://thecriticalslidesociety.com,Professional custom-domain Shopify store,Avada Top 500 Shopify Stores article,151,,,,,
192,zorrata.com,https://zorrata.com,Professional custom-domain Shopify store,Avada Top 500 Shopify Stores article,152,,,,,
193,dropdead.co,https://dropdead.co,Professional custom-domain Shopify store,Avada Top 500 Shopify Stores article,153,,,,,
194,flareaudio.com,https://flareaudio.com,Professional custom-domain Shopify store,Avada Top 500 Shopify Stores article,154,,,,,
195,glowrecipe.com,https://glowrecipe.com,Professional custom-domain Shopify store,Avada Top 500 Shopify Stores article,155,,,,,
196,eliquid.com,https://eliquid.com,Professional custom-domain Shopify store,Avada Top 500 Shopify Stores article,156,,,,,
197,postergully.com,https://postergully.com,Professional custom-domain Shopify store,Avada Top 500 Shopify Stores article,157,,,,,
198,chicagomusicexchange.com,https://chicagomusicexchange.com,Professional custom-domain Shopify store,Avada Top 500 Shopify Stores article,158,,,,,
199,vincerocollective.com,https://vincerocollective.com,Professional custom-domain Shopify store,Avada Top 500 Shopify Stores article,159,,,,,
200,18montrose.com,https://18montrose.com,Professional custom-domain Shopify store,Avada Top 500 Shopify Stores article,160,,,,,
201,obeyclothing.com,https://obeyclothing.com,Professional custom-domain Shopify store,Avada Top 500 Shopify Stores article,161,,,,,
202,bestself.co,https://bestself.co,Professional custom-domain Shopify store,Avada Top 500 Shopify Stores article,162,,,,,
203,bollandbranch.com,https://bollandbranch.com,Professional custom-domain Shopify store,Avada Top 500 Shopify Stores article,163,,,,,
204,dipyourcar.com,https://dipyourcar.com,Professional custom-domain Shopify store,Avada Top 500 Shopify Stores article,164,,,,,
205,maramani.com,https://maramani.com,Professional custom-domain Shopify store,Avada Top 500 Shopify Stores article,165,,,,,
206,urbanarmorgear.com,https://urbanarmorgear.com,Professional custom-domain Shopify store,Avada Top 500 Shopify Stores article,166,,,,,
207,bluemercury.com,https://bluemercury.com,Professional custom-domain Shopify store,Avada Top 500 Shopify Stores article,167,,,,,
208,topodesigns.com,https://topodesigns.com,Professional custom-domain Shopify store,Avada Top 500 Shopify Stores article,168,,,,,
209,proozy.com,https://proozy.com,Professional custom-domain Shopify store,Avada Top 500 Shopify Stores article,169,,,,,
210,ejuices.com,https://ejuices.com,Professional custom-domain Shopify store,Avada Top 500 Shopify Stores article,170,,,,,
211,atacado.com,https://atacado.com,Professional custom-domain Shopify store,Avada Top 500 Shopify Stores article,171,,,,,
212,meowingtons.com,https://meowingtons.com,Professional custom-domain Shopify store,Avada Top 500 Shopify Stores article,172,,,,,
213,reneerouleau.com,https://reneerouleau.com,Professional custom-domain Shopify store,Avada Top 500 Shopify Stores article,173,,,,,
214,teradek.com,https://teradek.com,Professional custom-domain Shopify store,Avada Top 500 Shopify Stores article,174,,,,,
215,lucaandgrae.com,https://lucaandgrae.com,Professional custom-domain Shopify store,Avada Top 500 Shopify Stores article,175,,,,,
216,sugarpill.com,https://sugarpill.com,Professional custom-domain Shopify store,Avada Top 500 Shopify Stores article,176,,,,,
217,popchartlab.com,https://popchartlab.com,Professional custom-domain Shopify store,Avada Top 500 Shopify Stores article,177,,,,,
218,thebalm.com,https://thebalm.com,Professional custom-domain Shopify store,Avada Top 500 Shopify Stores article,178,,,,,
219,cheapundies.com,https://cheapundies.com,Professional custom-domain Shopify store,Avada Top 500 Shopify Stores article,179,,,,,
220,etoren.com,https://etoren.com,Professional custom-domain Shopify store,Avada Top 500 Shopify Stores article,180,,,,,
221,thefidgetcube.co,https://thefidgetcube.co,Professional custom-domain Shopify store,Avada Top 500 Shopify Stores article,181,,,,,
222,intotheam.com,https://intotheam.com,Professional custom-domain Shopify store,Avada Top 500 Shopify Stores article,182,,,,,
223,flawlessvapeshop.com,https://flawlessvapeshop.com,Professional custom-domain Shopify store,Avada Top 500 Shopify Stores article,183,,,,,
224,trytheworld.com,https://trytheworld.com,Professional custom-domain Shopify store,Avada Top 500 Shopify Stores article,184,,,,,
225,kangeronline.com,https://kangeronline.com,Professional custom-domain Shopify store,Avada Top 500 Shopify Stores article,185,,,,,
226,tombihn.com,https://tombihn.com,Professional custom-domain Shopify store,Avada Top 500 Shopify Stores article,186,,,,,
227,nextthing.co,https://nextthing.co,Professional custom-domain Shopify store,Avada Top 500 Shopify Stores article,187,,,,,
228,chefd.com,https://chefd.com,Professional custom-domain Shopify store,Avada Top 500 Shopify Stores article,188,,,,,
229,waistshaperz.com,https://waistshaperz.com,Professional custom-domain Shopify store,Avada Top 500 Shopify Stores article,189,,,,,
230,rhinoshield.io,https://rhinoshield.io,Professional custom-domain Shopify store,Avada Top 500 Shopify Stores article,190,,,,,
231,goatcase.com,https://goatcase.com,Professional custom-domain Shopify store,Avada Top 500 Shopify Stores article,191,,,,,
232,2modern.com,https://2modern.com,Professional custom-domain Shopify store,Avada Top 500 Shopify Stores article,192,,,,,
233,rdklu.com,https://rdklu.com,Professional custom-domain Shopify store,Avada Top 500 Shopify Stores article,193,,,,,
234,somethingsweet.com,https://somethingsweet.com,Professional custom-domain Shopify store,Avada Top 500 Shopify Stores article,194,,,,,
235,1861.ca,https://1861.ca,Professional custom-domain Shopify store,Avada Top 500 Shopify Stores article,195,,,,,
236,afloral.com,https://afloral.com,Professional custom-domain Shopify store,Avada Top 500 Shopify Stores article,196,,,,,
237,zippo.com,https://zippo.com,Professional custom-domain Shopify store,Avada Top 500 Shopify Stores article,197,,,,,
238,fuckingawesomestore.com,https://fuckingawesomestore.com,Professional custom-domain Shopify store,Avada Top 500 Shopify Stores article,198,,,,,
239,hubblecontacts.com,https://hubblecontacts.com,Professional custom-domain Shopify store,Avada Top 500 Shopify Stores article,199,,,,,
240,vodrich.com,https://vodrich.com,Professional custom-domain Shopify store,Avada Top 500 Shopify Stores article,200,,,,,
241,onewheel.com,https://onewheel.com,Professional custom-domain Shopify store,Avada Top 500 Shopify Stores article,201,,,,,
242,casadocodigo.com,https://casadocodigo.com,Professional custom-domain Shopify store,Avada Top 500 Shopify Stores article,202,,,,,
243,petitvour.com,https://petitvour.com,Professional custom-domain Shopify store,Avada Top 500 Shopify Stores article,203,,,,,
244,puttyworld.com,https://puttyworld.com,Professional custom-domain Shopify store,Avada Top 500 Shopify Stores article,204,,,,,
245,nextdealshop.com,https://nextdealshop.com,Professional custom-domain Shopify store,Avada Top 500 Shopify Stores article,205,,,,,
246,ridgewallet.com,https://ridgewallet.com,Professional custom-domain Shopify store,Avada Top 500 Shopify Stores article,206,,,,,
247,luxyhair.com,https://luxyhair.com,Professional custom-domain Shopify store,Avada Top 500 Shopify Stores article,207,,,,,
248,80stees.com,https://80stees.com,Professional custom-domain Shopify store,Avada Top 500 Shopify Stores article,208,,,,,
249,uniqfind.com,https://uniqfind.com,Professional custom-domain Shopify store,Avada Top 500 Shopify Stores article,209,,,,,
250,vitalydesign.com,https://vitalydesign.com,Professional custom-domain Shopify store,Avada Top 500 Shopify Stores article,210,,,,,
251,fasciablaster.com,https://fasciablaster.com,Professional custom-domain Shopify store,Avada Top 500 Shopify Stores article,211,,,,,
252,getrocketbook.com,https://getrocketbook.com,Professional custom-domain Shopify store,Avada Top 500 Shopify Stores article,212,,,,,
253,themancompany.com,https://themancompany.com,Professional custom-domain Shopify store,Avada Top 500 Shopify Stores article,213,,,,,
254,plutotrigger.com,https://plutotrigger.com,Professional custom-domain Shopify store,Avada Top 500 Shopify Stores article,214,,,,,
255,fcpxfree.com,https://fcpxfree.com,Professional custom-domain Shopify store,Avada Top 500 Shopify Stores article,215,,,,,
256,popyourpup.com,https://popyourpup.com,Professional custom-domain Shopify store,Avada Top 500 Shopify Stores article,216,,,,,
257,angelusdirect.com,https://angelusdirect.com,Professional custom-domain Shopify store,Avada Top 500 Shopify Stores article,217,,,,,
258,mychoicesoftware.com,https://mychoicesoftware.com,Professional custom-domain Shopify store,Avada Top 500 Shopify Stores article,218,,,,,
259,tortugabackpacks.com,https://tortugabackpacks.com,Professional custom-domain Shopify store,Avada Top 500 Shopify Stores article,219,,,,,
260,msftsrep.com,https://msftsrep.com,Professional custom-domain Shopify store,Avada Top 500 Shopify Stores article,220,,,,,
261,buypeel.com,https://buypeel.com,Professional custom-domain Shopify store,Avada Top 500 Shopify Stores article,221,,,,,
262,peel.com,https://peel.com,Professional custom-domain Shopify store,Avada Top 500 Shopify Stores article,222,,,,,
263,shopnicekicks.com,https://shopnicekicks.com,Professional custom-domain Shopify store,Avada Top 500 Shopify Stores article,223,,,,,
264,sugarbearhair.com,https://sugarbearhair.com,Professional custom-domain Shopify store,Avada Top 500 Shopify Stores article,224,,,,,
265,danandphilshop.com,https://danandphilshop.com,Professional custom-domain Shopify store,Avada Top 500 Shopify Stores article,225,,,,,
266,sourcevapes.com,https://sourcevapes.com,Professional custom-domain Shopify store,Avada Top 500 Shopify Stores article,226,,,,,
267,amuze.com,https://amuze.com,Professional custom-domain Shopify store,Avada Top 500 Shopify Stores article,227,,,,,
268,denydesigns.com,https://denydesigns.com,Professional custom-domain Shopify store,Avada Top 500 Shopify Stores article,228,,,,,
269,intelligentchange.com,https://intelligentchange.com,Professional custom-domain Shopify store,Avada Top 500 Shopify Stores article,229,,,,,
270,emojiisland.com,https://emojiisland.com,Professional custom-domain Shopify store,Avada Top 500 Shopify Stores article,230,,,,,
271,oipolloi.com,https://oipolloi.com,Professional custom-domain Shopify store,Avada Top 500 Shopify Stores article,231,,,,,
272,ergodox-ez.com,https://ergodox-ez.com,Professional custom-domain Shopify store,Avada Top 500 Shopify Stores article,232,,,,,
273,bellamihair.com,https://bellamihair.com,Professional custom-domain Shopify store,Avada Top 500 Shopify Stores article,233,,,,,
274,mykoreanstore.com,https://mykoreanstore.com,Professional custom-domain Shopify store,Avada Top 500 Shopify Stores article,234,,,,,
275,vaporauthority.com,https://vaporauthority.com,Professional custom-domain Shopify store,Avada Top 500 Shopify Stores article,235,,,,,
276,lilanikole.com,https://lilanikole.com,Professional custom-domain Shopify store,Avada Top 500 Shopify Stores article,236,,,,,
277,spire.io,https://spire.io,Professional custom-domain Shopify store,Avada Top 500 Shopify Stores article,237,,,,,
278,harrisseeds.com,https://harrisseeds.com,Professional custom-domain Shopify store,Avada Top 500 Shopify Stores article,238,,,,,
279,nisolo.com,https://nisolo.com,Professional custom-domain Shopify store,Avada Top 500 Shopify Stores article,239,,,,,
280,classicshaving.com,https://classicshaving.com,Professional custom-domain Shopify store,Avada Top 500 Shopify Stores article,240,,,,,
281,shinesty.com,https://shinesty.com,Professional custom-domain Shopify store,Avada Top 500 Shopify Stores article,241,,,,,
282,yeswevibe.com,https://yeswevibe.com,Professional custom-domain Shopify store,Avada Top 500 Shopify Stores article,242,,,,,
283,noahny.com,https://noahny.com,Professional custom-domain Shopify store,Avada Top 500 Shopify Stores article,243,,,,,
284,mikeamiri.com,https://mikeamiri.com,Professional custom-domain Shopify store,Avada Top 500 Shopify Stores article,244,,,,,
285,buymobile.com,https://buymobile.com,Professional custom-domain Shopify store,Avada Top 500 Shopify Stores article,245,,,,,
286,hickies.com,https://hickies.com,Professional custom-domain Shopify store,Avada Top 500 Shopify Stores article,246,,,,,
287,arda-wigs.com,https://arda-wigs.com,Professional custom-domain Shopify store,Avada Top 500 Shopify Stores article,247,,,,,
288,skin18.com,https://skin18.com,Professional custom-domain Shopify store,Avada Top 500 Shopify Stores article,248,,,,,
289,ofracosmetics.com,https://ofracosmetics.com,Professional custom-domain Shopify store,Avada Top 500 Shopify Stores article,249,,,,,
290,makershed.com,https://makershed.com,Professional custom-domain Shopify store,Avada Top 500 Shopify Stores article,250,,,,,
291,nialaya.com,https://nialaya.com,Professional custom-domain Shopify store,Avada Top 500 Shopify Stores article,251,,,,,
292,bonorganik.in,https://bonorganik.in,Professional custom-domain Shopify store,Avada Top 500 Shopify Stores article,252,,,,,
293,lordtimepieces.com,https://lordtimepieces.com,Professional custom-domain Shopify store,Avada Top 500 Shopify Stores article,253,,,,,
294,tweed.com,https://tweed.com,Professional custom-domain Shopify store,Avada Top 500 Shopify Stores article,254,,,,,
295,popmarket.com,https://popmarket.com,Professional custom-domain Shopify store,Avada Top 500 Shopify Stores article,255,,,,,
296,whatdoyoumeme.com,https://whatdoyoumeme.com,Professional custom-domain Shopify store,Avada Top 500 Shopify Stores article,256,,,,,
297,kidrobot.com,https://kidrobot.com,Professional custom-domain Shopify store,Avada Top 500 Shopify Stores article,257,,,,,
298,craneandcanopy.com,https://craneandcanopy.com,Professional custom-domain Shopify store,Avada Top 500 Shopify Stores article,258,,,,,
299,coastalscents.com,https://coastalscents.com,Professional custom-domain Shopify store,Avada Top 500 Shopify Stores article,259,,,,,
300,kokopiecoco.com,https://kokopiecoco.com,Professional custom-domain Shopify store,Avada Top 500 Shopify Stores article,260,,,,,
301,butikbira.com,https://butikbira.com,Professional custom-domain Shopify store,Avada Top 500 Shopify Stores article,261,,,,,
302,youngandreckless.com,https://youngandreckless.com,Professional custom-domain Shopify store,Avada Top 500 Shopify Stores article,262,,,,,
303,potatoparcel.com,https://potatoparcel.com,Professional custom-domain Shopify store,Avada Top 500 Shopify Stores article,263,,,,,
304,poopourri.com,https://poopourri.com,Professional custom-domain Shopify store,Avada Top 500 Shopify Stores article,264,,,,,
305,seiyajapan.com,https://seiyajapan.com,Professional custom-domain Shopify store,Avada Top 500 Shopify Stores article,265,,,,,
306,lumee.com,https://lumee.com,Professional custom-domain Shopify store,Avada Top 500 Shopify Stores article,266,,,,,
307,alrugaibfurniture.com,https://alrugaibfurniture.com,Professional custom-domain Shopify store,Avada Top 500 Shopify Stores article,267,,,,,
308,goodamerican.com,https://goodamerican.com,Professional custom-domain Shopify store,Avada Top 500 Shopify Stores article,268,,,,,
309,thatshirtwascash.com,https://thatshirtwascash.com,Professional custom-domain Shopify store,Avada Top 500 Shopify Stores article,269,,,,,
310,selfrelianceoutfitters.com,https://selfrelianceoutfitters.com,Professional custom-domain Shopify store,Avada Top 500 Shopify Stores article,270,,,,,
311,artnaturals.com,https://artnaturals.com,Professional custom-domain Shopify store,Avada Top 500 Shopify Stores article,271,,,,,
312,thickassglass.com,https://thickassglass.com,Professional custom-domain Shopify store,Avada Top 500 Shopify Stores article,272,,,,,
313,jerryoftheday.net,https://jerryoftheday.net,Professional custom-domain Shopify store,Avada Top 500 Shopify Stores article,273,,,,,
314,abookapart.com,https://abookapart.com,Professional custom-domain Shopify store,Avada Top 500 Shopify Stores article,274,,,,,
315,getkeysmart.com,https://getkeysmart.com,Professional custom-domain Shopify store,Avada Top 500 Shopify Stores article,275,,,,,
316,svsound.com,https://svsound.com,Professional custom-domain Shopify store,Avada Top 500 Shopify Stores article,276,,,,,
317,harney.com,https://harney.com,Professional custom-domain Shopify store,Avada Top 500 Shopify Stores article,277,,,,,
318,storedogdog.net,https://storedogdog.net,Professional custom-domain Shopify store,Avada Top 500 Shopify Stores article,278,,,,,
319,hardgraft.com,https://hardgraft.com,Professional custom-domain Shopify store,Avada Top 500 Shopify Stores article,279,,,,,
320,brainy-bits.com,https://brainy-bits.com,Professional custom-domain Shopify store,Avada Top 500 Shopify Stores article,280,,,,,
321,geeks.com,https://geeks.com,Professional custom-domain Shopify store,Avada Top 500 Shopify Stores article,281,,,,,
322,47brand.com,https://47brand.com,Professional custom-domain Shopify store,Avada Top 500 Shopify Stores article,282,,,,,
323,boardgamebliss.com,https://boardgamebliss.com,Professional custom-domain Shopify store,Avada Top 500 Shopify Stores article,283,,,,,
324,digizani.com,https://digizani.com,Professional custom-domain Shopify store,Avada Top 500 Shopify Stores article,284,,,,,
325,purecycles.com,https://purecycles.com,Professional custom-domain Shopify store,Avada Top 500 Shopify Stores article,285,,,,,
326,solesupremacy.com,https://solesupremacy.com,Professional custom-domain Shopify store,Avada Top 500 Shopify Stores article,286,,,,,
327,bapeonline.com,https://bapeonline.com,Professional custom-domain Shopify store,Avada Top 500 Shopify Stores article,287,,,,,
328,motionrc.com,https://motionrc.com,Professional custom-domain Shopify store,Avada Top 500 Shopify Stores article,288,,,,,
329,stirlingsports.co,https://stirlingsports.co,Professional custom-domain Shopify store,Avada Top 500 Shopify Stores article,289,,,,,
330,hismileteeth.com,https://hismileteeth.com,Professional custom-domain Shopify store,Avada Top 500 Shopify Stores article,290,,,,,
331,ipitaka.com,https://ipitaka.com,Professional custom-domain Shopify store,Avada Top 500 Shopify Stores article,291,,,,,
332,howtocakeit.com,https://howtocakeit.com,Professional custom-domain Shopify store,Avada Top 500 Shopify Stores article,292,,,,,
333,lagirlusa.com,https://lagirlusa.com,Professional custom-domain Shopify store,Avada Top 500 Shopify Stores article,293,,,,,
334,discountwatchstore.com,https://discountwatchstore.com,Professional custom-domain Shopify store,Avada Top 500 Shopify Stores article,294,,,,,
335,pixiefaire.com,https://pixiefaire.com,Professional custom-domain Shopify store,Avada Top 500 Shopify Stores article,295,,,,,
336,dagnedover.com,https://dagnedover.com,Professional custom-domain Shopify store,Avada Top 500 Shopify Stores article,296,,,,,
337,diamantsetcarats.com,https://diamantsetcarats.com,Professional custom-domain Shopify store,Avada Top 500 Shopify Stores article,297,,,,,
338,sfbags.com,https://sfbags.com,Professional custom-domain Shopify store,Avada Top 500 Shopify Stores article,298,,,,,
339,thebusinessfashion.co,https://thebusinessfashion.co,Professional custom-domain Shopify store,Avada Top 500 Shopify Stores article,299,,,,,
340,sandcloudtowels.com,https://sandcloudtowels.com,Professional custom-domain Shopify store,Avada Top 500 Shopify Stores article,300,,,,,
341,iheartraves.com,https://iheartraves.com,Professional custom-domain Shopify store,Avada Top 500 Shopify Stores article,301,,,,,
342,fenerium.com,https://fenerium.com,Professional custom-domain Shopify store,Avada Top 500 Shopify Stores article,302,,,,,
343,lacolombe.com,https://lacolombe.com,Professional custom-domain Shopify store,Avada Top 500 Shopify Stores article,303,,,,,
344,budovideos.com,https://budovideos.com,Professional custom-domain Shopify store,Avada Top 500 Shopify Stores article,304,,,,,
345,ansonbelt.com,https://ansonbelt.com,Professional custom-domain Shopify store,Avada Top 500 Shopify Stores article,305,,,,,
346,missionworkshop.com,https://missionworkshop.com,Professional custom-domain Shopify store,Avada Top 500 Shopify Stores article,306,,,,,
347,caseologycases.com,https://caseologycases.com,Professional custom-domain Shopify store,Avada Top 500 Shopify Stores article,307,,,,,
348,zacaca.com,https://zacaca.com,Professional custom-domain Shopify store,Avada Top 500 Shopify Stores article,308,,,,,
349,beautybakerie.com,https://beautybakerie.com,Professional custom-domain Shopify store,Avada Top 500 Shopify Stores article,309,,,,,
350,420science.com,https://420science.com,Professional custom-domain Shopify store,Avada Top 500 Shopify Stores article,310,,,,,
351,polarprofilters.com,https://polarprofilters.com,Professional custom-domain Shopify store,Avada Top 500 Shopify Stores article,311,,,,,
352,spiritualgangster.com,https://spiritualgangster.com,Professional custom-domain Shopify store,Avada Top 500 Shopify Stores article,312,,,,,
353,betterchinese.com,https://betterchinese.com,Professional custom-domain Shopify store,Avada Top 500 Shopify Stores article,313,,,,,
354,paiskincare.com,https://paiskincare.com,Professional custom-domain Shopify store,Avada Top 500 Shopify Stores article,314,,,,,
355,hypershop.com,https://hypershop.com,Professional custom-domain Shopify store,Avada Top 500 Shopify Stores article,315,,,,,
356,3dmlifestyle.com,https://3dmlifestyle.com,Professional custom-domain Shopify store,Avada Top 500 Shopify Stores article,316,,,,,
357,wearlively.com,https://wearlively.com,Professional custom-domain Shopify store,Avada Top 500 Shopify Stores article,317,,,,,
358,spectrumcollections.com,https://spectrumcollections.com,Professional custom-domain Shopify store,Avada Top 500 Shopify Stores article,318,,,,,
359,elwoodclothing.com,https://elwoodclothing.com,Professional custom-domain Shopify store,Avada Top 500 Shopify Stores article,319,,,,,
360,thehorse.com,https://thehorse.com,Professional custom-domain Shopify store,Avada Top 500 Shopify Stores article,320,,,,,
361,ragstoraches.com,https://ragstoraches.com,Professional custom-domain Shopify store,Avada Top 500 Shopify Stores article,321,,,,,
362,incu.com,https://incu.com,Professional custom-domain Shopify store,Avada Top 500 Shopify Stores article,322,,,,,
363,kleankanteen.com,https://kleankanteen.com,Professional custom-domain Shopify store,Avada Top 500 Shopify Stores article,323,,,,,
364,homage.com,https://homage.com,Professional custom-domain Shopify store,Avada Top 500 Shopify Stores article,324,,,,,
365,productionmusiclive.com,https://productionmusiclive.com,Professional custom-domain Shopify store,Avada Top 500 Shopify Stores article,325,,,,,
366,ashleyjewels.com,https://ashleyjewels.com,Professional custom-domain Shopify store,Avada Top 500 Shopify Stores article,326,,,,,
367,shopatshowcasecanada.com,https://shopatshowcasecanada.com,Professional custom-domain Shopify store,Avada Top 500 Shopify Stores article,327,,,,,
368,dayabyzendaya.com,https://dayabyzendaya.com,Professional custom-domain Shopify store,Avada Top 500 Shopify Stores article,328,,,,,
369,solestop.com,https://solestop.com,Professional custom-domain Shopify store,Avada Top 500 Shopify Stores article,329,,,,,
370,ejuices.co,https://ejuices.co,Professional custom-domain Shopify store,Avada Top 500 Shopify Stores article,330,,,,,
371,emilymcdowell.com,https://emilymcdowell.com,Professional custom-domain Shopify store,Avada Top 500 Shopify Stores article,331,,,,,
372,clickandgrow.com,https://clickandgrow.com,Professional custom-domain Shopify store,Avada Top 500 Shopify Stores article,332,,,,,
373,womensbest.com,https://womensbest.com,Professional custom-domain Shopify store,Avada Top 500 Shopify Stores article,333,,,,,
374,greyhaze.co,https://greyhaze.co,Professional custom-domain Shopify store,Avada Top 500 Shopify Stores article,334,,,,,
375,afflictionclothing.com,https://afflictionclothing.com,Professional custom-domain Shopify store,Avada Top 500 Shopify Stores article,335,,,,,
376,bestchoiceproducts.com,https://bestchoiceproducts.com,Professional custom-domain Shopify store,Avada Top 500 Shopify Stores article,336,,,,,
377,sukkhi.com,https://sukkhi.com,Professional custom-domain Shopify store,Avada Top 500 Shopify Stores article,337,,,,,
378,doseofcolors.com,https://doseofcolors.com,Professional custom-domain Shopify store,Avada Top 500 Shopify Stores article,338,,,,,
379,vrsdesign.com,https://vrsdesign.com,Professional custom-domain Shopify store,Avada Top 500 Shopify Stores article,339,,,,,
380,syndromestore.com,https://syndromestore.com,Professional custom-domain Shopify store,Avada Top 500 Shopify Stores article,340,,,,,
381,velasca.com,https://velasca.com,Professional custom-domain Shopify store,Avada Top 500 Shopify Stores article,341,,,,,
382,jurawatches.co,https://jurawatches.co,Professional custom-domain Shopify store,Avada Top 500 Shopify Stores article,342,,,,,
383,asmaraku.com,https://asmaraku.com,Professional custom-domain Shopify store,Avada Top 500 Shopify Stores article,343,,,,,
384,sondors.com,https://sondors.com,Professional custom-domain Shopify store,Avada Top 500 Shopify Stores article,344,,,,,
385,cellucor.com,https://cellucor.com,Professional custom-domain Shopify store,Avada Top 500 Shopify Stores article,345,,,,,
386,mmasilver.com,https://mmasilver.com,Professional custom-domain Shopify store,Avada Top 500 Shopify Stores article,346,,,,,
387,newburycomics.com,https://newburycomics.com,Professional custom-domain Shopify store,Avada Top 500 Shopify Stores article,347,,,,,
388,jouercosmetics.com,https://jouercosmetics.com,Professional custom-domain Shopify store,Avada Top 500 Shopify Stores article,348,,,,,
389,xgaming.com,https://xgaming.com,Professional custom-domain Shopify store,Avada Top 500 Shopify Stores article,349,,,,,
390,socialstatuspgh.com,https://socialstatuspgh.com,Professional custom-domain Shopify store,Avada Top 500 Shopify Stores article,350,,,,,
391,wigs.com,https://wigs.com,Professional custom-domain Shopify store,Avada Top 500 Shopify Stores article,351,,,,,
392,cncpts.com,https://cncpts.com,Professional custom-domain Shopify store,Avada Top 500 Shopify Stores article,352,,,,,
393,evannex.com,https://evannex.com,Professional custom-domain Shopify store,Avada Top 500 Shopify Stores article,353,,,,,
394,came-tv.com,https://came-tv.com,Professional custom-domain Shopify store,Avada Top 500 Shopify Stores article,354,,,,,
395,theoriginalscrapbox.com,https://theoriginalscrapbox.com,Professional custom-domain Shopify store,Avada Top 500 Shopify Stores article,355,,,,,
396,retrosupply.co,https://retrosupply.co,Professional custom-domain Shopify store,Avada Top 500 Shopify Stores article,356,,,,,
397,craftonline.com,https://craftonline.com,Professional custom-domain Shopify store,Avada Top 500 Shopify Stores article,357,,,,,
398,bmfitgear.com,https://bmfitgear.com,Professional custom-domain Shopify store,Avada Top 500 Shopify Stores article,358,,,,,
399,brandsego.com,https://brandsego.com,Professional custom-domain Shopify store,Avada Top 500 Shopify Stores article,359,,,,,
400,trumpforpresidentbobblehead.com,https://trumpforpresidentbobblehead.com,Professional custom-domain Shopify store,Avada Top 500 Shopify Stores article,360,,,,,
401,dropshipaja.com,https://dropshipaja.com,Professional custom-domain Shopify store,Avada Top 500 Shopify Stores article,361,,,,,
402,purposetourmerch.com,https://purposetourmerch.com,Professional custom-domain Shopify store,Avada Top 500 Shopify Stores article,362,,,,,
403,wyo.in,https://wyo.in,Professional custom-domain Shopify store,Avada Top 500 Shopify Stores article,363,,,,,
404,highsandlows.net,https://highsandlows.net,Professional custom-domain Shopify store,Avada Top 500 Shopify Stores article,364,,,,,
405,healthrangerstore.com,https://healthrangerstore.com,Professional custom-domain Shopify store,Avada Top 500 Shopify Stores article,365,,,,,
406,wandrd.com,https://wandrd.com,Professional custom-domain Shopify store,Avada Top 500 Shopify Stores article,366,,,,,
407,gallantry.com,https://gallantry.com,Professional custom-domain Shopify store,Avada Top 500 Shopify Stores article,367,,,,,
408,24hundred.net,https://24hundred.net,Professional custom-domain Shopify store,Avada Top 500 Shopify Stores article,368,,,,,
409,fayettechill.com,https://fayettechill.com,Professional custom-domain Shopify store,Avada Top 500 Shopify Stores article,369,,,,,
410,ghospell.com,https://ghospell.com,Professional custom-domain Shopify store,Avada Top 500 Shopify Stores article,370,,,,,
411,vapoureyes.com,https://vapoureyes.com,Professional custom-domain Shopify store,Avada Top 500 Shopify Stores article,371,,,,,
412,shopredone.com,https://shopredone.com,Professional custom-domain Shopify store,Avada Top 500 Shopify Stores article,372,,,,,
413,simbasleep.com,https://simbasleep.com,Professional custom-domain Shopify store,Avada Top 500 Shopify Stores article,373,,,,,
414,extrabutterny.com,https://extrabutterny.com,Professional custom-domain Shopify store,Avada Top 500 Shopify Stores article,374,,,,,
415,svgstudio.com,https://svgstudio.com,Professional custom-domain Shopify store,Avada Top 500 Shopify Stores article,375,,,,,
416,kingpincooling.com,https://kingpincooling.com,Professional custom-domain Shopify store,Avada Top 500 Shopify Stores article,376,,,,,
417,aurumbrothers.com,https://aurumbrothers.com,Professional custom-domain Shopify store,Avada Top 500 Shopify Stores article,377,,,,,
418,shopsalomondrin.com,https://shopsalomondrin.com,Professional custom-domain Shopify store,Avada Top 500 Shopify Stores article,378,,,,,
419,luminouseshop.com,https://luminouseshop.com,Professional custom-domain Shopify store,Avada Top 500 Shopify Stores article,379,,,,,
420,northweek.com,https://northweek.com,Professional custom-domain Shopify store,Avada Top 500 Shopify Stores article,380,,,,,
421,themagpark.com,https://themagpark.com,Professional custom-domain Shopify store,Avada Top 500 Shopify Stores article,381,,,,,
422,darngoodyarn.com,https://darngoodyarn.com,Professional custom-domain Shopify store,Avada Top 500 Shopify Stores article,382,,,,,
423,wickedclothes.com,https://wickedclothes.com,Professional custom-domain Shopify store,Avada Top 500 Shopify Stores article,383,,,,,
424,pixibeauty.com,https://pixibeauty.com,Professional custom-domain Shopify store,Avada Top 500 Shopify Stores article,384,,,,,
425,kagedmuscle.com,https://kagedmuscle.com,Professional custom-domain Shopify store,Avada Top 500 Shopify Stores article,385,,,,,
426,qwerkywriter.com,https://qwerkywriter.com,Professional custom-domain Shopify store,Avada Top 500 Shopify Stores article,386,,,,,
427,huntandcompany.com,https://huntandcompany.com,Professional custom-domain Shopify store,Avada Top 500 Shopify Stores article,387,,,,,
428,mylesapparel.com,https://mylesapparel.com,Professional custom-domain Shopify store,Avada Top 500 Shopify Stores article,388,,,,,
429,velvetcaviar.com,https://velvetcaviar.com,Professional custom-domain Shopify store,Avada Top 500 Shopify Stores article,389,,,,,
430,games4gains.com,https://games4gains.com,Professional custom-domain Shopify store,Avada Top 500 Shopify Stores article,390,,,,,
431,deeringbanjos.com,https://deeringbanjos.com,Professional custom-domain Shopify store,Avada Top 500 Shopify Stores article,391,,,,,
432,healthmateforever.com,https://healthmateforever.com,Professional custom-domain Shopify store,Avada Top 500 Shopify Stores article,392,,,,,
433,naturalstacks.com,https://naturalstacks.com,Professional custom-domain Shopify store,Avada Top 500 Shopify Stores article,393,,,,,
434,fanjoy.co,https://fanjoy.co,Professional custom-domain Shopify store,Avada Top 500 Shopify Stores article,394,,,,,
435,uturnaudio.com,https://uturnaudio.com,Professional custom-domain Shopify store,Avada Top 500 Shopify Stores article,395,,,,,
436,sininlinen.com,https://sininlinen.com,Professional custom-domain Shopify store,Avada Top 500 Shopify Stores article,396,,,,,
437,johnnycupcakes.com,https://johnnycupcakes.com,Professional custom-domain Shopify store,Avada Top 500 Shopify Stores article,397,,,,,
438,kikkerland.com,https://kikkerland.com,Professional custom-domain Shopify store,Avada Top 500 Shopify Stores article,398,,,,,
439,instantadcopy.com,https://instantadcopy.com,Professional custom-domain Shopify store,Avada Top 500 Shopify Stores article,399,,,,,
440,battlebeavercustoms.com,https://battlebeavercustoms.com,Professional custom-domain Shopify store,Avada Top 500 Shopify Stores article,400,,,,,
441,radpowerbikes.com,https://radpowerbikes.com,Professional custom-domain Shopify store,Avada Top 500 Shopify Stores article,401,,,,,
442,2020ave.com,https://2020ave.com,Professional custom-domain Shopify store,Avada Top 500 Shopify Stores article,402,,,,,
443,outofprintclothing.com,https://outofprintclothing.com,Professional custom-domain Shopify store,Avada Top 500 Shopify Stores article,403,,,,,
444,sprayable.co,https://sprayable.co,Professional custom-domain Shopify store,Avada Top 500 Shopify Stores article,404,,,,,
445,wearfigs.com,https://wearfigs.com,Professional custom-domain Shopify store,Avada Top 500 Shopify Stores article,405,,,,,
446,onlineprasad.com,https://onlineprasad.com,Professional custom-domain Shopify store,Avada Top 500 Shopify Stores article,406,,,,,
447,hellomerch.com,https://hellomerch.com,Professional custom-domain Shopify store,Avada Top 500 Shopify Stores article,407,,,,,
448,alphaaccessories.co,https://alphaaccessories.co,Professional custom-domain Shopify store,Avada Top 500 Shopify Stores article,408,,,,,
449,xhibition.co,https://xhibition.co,Professional custom-domain Shopify store,Avada Top 500 Shopify Stores article,409,,,,,
450,spirithoods.com,https://spirithoods.com,Professional custom-domain Shopify store,Avada Top 500 Shopify Stores article,410,,,,,
451,q-see.com,https://q-see.com,Professional custom-domain Shopify store,Avada Top 500 Shopify Stores article,411,,,,,
452,sakara.com,https://sakara.com,Professional custom-domain Shopify store,Avada Top 500 Shopify Stores article,412,,,,,
453,tinywhoop.com,https://tinywhoop.com,Professional custom-domain Shopify store,Avada Top 500 Shopify Stores article,413,,,,,
454,denisdaily.com,https://denisdaily.com,Professional custom-domain Shopify store,Avada Top 500 Shopify Stores article,414,,,,,
455,myintent.org,https://myintent.org,Professional custom-domain Shopify store,Avada Top 500 Shopify Stores article,415,,,,,
456,emazinglights.com,https://emazinglights.com,Professional custom-domain Shopify store,Avada Top 500 Shopify Stores article,416,,,,,
457,baggu.com,https://baggu.com,Professional custom-domain Shopify store,Avada Top 500 Shopify Stores article,417,,,,,
458,oneness287.com,https://oneness287.com,Professional custom-domain Shopify store,Avada Top 500 Shopify Stores article,418,,,,,
459,baseqi.com,https://baseqi.com,Professional custom-domain Shopify store,Avada Top 500 Shopify Stores article,419,,,,,
460,the-citizenry.com,https://the-citizenry.com,Professional custom-domain Shopify store,Avada Top 500 Shopify Stores article,420,,,,,
461,joyrich.com,https://joyrich.com,Professional custom-domain Shopify store,Avada Top 500 Shopify Stores article,421,,,,,
462,stagprovisions.com,https://stagprovisions.com,Professional custom-domain Shopify store,Avada Top 500 Shopify Stores article,422,,,,,
463,kulanikinis.com,https://kulanikinis.com,Professional custom-domain Shopify store,Avada Top 500 Shopify Stores article,423,,,,,
464,seemecnc.com,https://seemecnc.com,Professional custom-domain Shopify store,Avada Top 500 Shopify Stores article,424,,,,,
465,aetherapparel.com,https://aetherapparel.com,Professional custom-domain Shopify store,Avada Top 500 Shopify Stores article,425,,,,,
466,despair.com,https://despair.com,Professional custom-domain Shopify store,Avada Top 500 Shopify Stores article,426,,,,,
467,kookai.com,https://kookai.com,Professional custom-domain Shopify store,Avada Top 500 Shopify Stores article,427,,,,,
468,bluebella.com,https://bluebella.com,Professional custom-domain Shopify store,Avada Top 500 Shopify Stores article,428,,,,,
469,rothys.com,https://rothys.com,Professional custom-domain Shopify store,Avada Top 500 Shopify Stores article,429,,,,,
470,elitify.com,https://elitify.com,Professional custom-domain Shopify store,Avada Top 500 Shopify Stores article,430,,,,,
471,unitedbyblue.com,https://unitedbyblue.com,Professional custom-domain Shopify store,Avada Top 500 Shopify Stores article,431,,,,,
472,exclucitylife.com,https://exclucitylife.com,Professional custom-domain Shopify store,Avada Top 500 Shopify Stores article,432,,,,,
473,mantraband.com,https://mantraband.com,Professional custom-domain Shopify store,Avada Top 500 Shopify Stores article,433,,,,,
474,ddpyoga.com,https://ddpyoga.com,Professional custom-domain Shopify store,Avada Top 500 Shopify Stores article,434,,,,,
475,skiisandbiikes.com,https://skiisandbiikes.com,Professional custom-domain Shopify store,Avada Top 500 Shopify Stores article,435,,,,,
476,thehappinessplanner.com,https://thehappinessplanner.com,Professional custom-domain Shopify store,Avada Top 500 Shopify Stores article,436,,,,,
477,bulova.com,https://bulova.com,Professional custom-domain Shopify store,Avada Top 500 Shopify Stores article,437,,,,,
478,jlabaudio.com,https://jlabaudio.com,Professional custom-domain Shopify store,Avada Top 500 Shopify Stores article,438,,,,,
479,boardgamegeekstore.com,https://boardgamegeekstore.com,Professional custom-domain Shopify store,Avada Top 500 Shopify Stores article,439,,,,,
480,blackboxmycar.com,https://blackboxmycar.com,Professional custom-domain Shopify store,Avada Top 500 Shopify Stores article,440,,,,,
481,blackstonelabs.com,https://blackstonelabs.com,Professional custom-domain Shopify store,Avada Top 500 Shopify Stores article,441,,,,,
482,miraclenoodle.com,https://miraclenoodle.com,Professional custom-domain Shopify store,Avada Top 500 Shopify Stores article,442,,,,,
483,seedsnow.com,https://seedsnow.com,Professional custom-domain Shopify store,Avada Top 500 Shopify Stores article,443,,,,,
484,frankiesbikinis.com,https://frankiesbikinis.com,Professional custom-domain Shopify store,Avada Top 500 Shopify Stores article,444,,,,,
485,fuckthepopulation.com,https://fuckthepopulation.com,Professional custom-domain Shopify store,Avada Top 500 Shopify Stores article,445,,,,,
486,gc2b.co,https://gc2b.co,Professional custom-domain Shopify store,Avada Top 500 Shopify Stores article,446,,,,,
487,ishine365.com,https://ishine365.com,Professional custom-domain Shopify store,Avada Top 500 Shopify Stores article,447,,,,,
488,impresoras3d.com,https://impresoras3d.com,Professional custom-domain Shopify store,Avada Top 500 Shopify Stores article,448,,,,,
489,teecoonshop.com,https://teecoonshop.com,Professional custom-domain Shopify store,Avada Top 500 Shopify Stores article,449,,,,,
490,coremelt.com,https://coremelt.com,Professional custom-domain Shopify store,Avada Top 500 Shopify Stores article,450,,,,,
491,blenderbottle.com,https://blenderbottle.com,Professional custom-domain Shopify store,Avada Top 500 Shopify Stores article,451,,,,,
492,g59recordsmerchandise.com,https://g59recordsmerchandise.com,Professional custom-domain Shopify store,Avada Top 500 Shopify Stores article,452,,,,,
493,proofreadingservices.com,https://proofreadingservices.com,Professional custom-domain Shopify store,Avada Top 500 Shopify Stores article,453,,,,,
494,arcticfoxhaircolor.com,https://arcticfoxhaircolor.com,Professional custom-domain Shopify store,Avada Top 500 Shopify Stores article,454,,,,,
495,nohowstyle.com,https://nohowstyle.com,Professional custom-domain Shopify store,Avada Top 500 Shopify Stores article,455,,,,,
496,aafnation.com,https://aafnation.com,Professional custom-domain Shopify store,Avada Top 500 Shopify Stores article,456,,,,,
497,themightymug.com,https://themightymug.com,Professional custom-domain Shopify store,Avada Top 500 Shopify Stores article,457,,,,,
498,treehut.co,https://treehut.co,Professional custom-domain Shopify store,Avada Top 500 Shopify Stores article,458,,,,,
499,umarexusa.com,https://umarexusa.com,Professional custom-domain Shopify store,Avada Top 500 Shopify Stores article,459,,,,,
500,wishatl.com,https://wishatl.com,Professional custom-domain Shopify store,Avada Top 500 Shopify Stores article,460,,,,,
501,brandspopper.com,https://brandspopper.com,Professional custom-domain Shopify store,Avada Top 500 Shopify Stores article,461,,,,,
502,heartratemonitorsusa.com,https://heartratemonitorsusa.com,Professional custom-domain Shopify store,Avada Top 500 Shopify Stores article,462,,,,,
503,lennylemons.com,https://lennylemons.com,Professional custom-domain Shopify store,Avada Top 500 Shopify Stores article,463,,,,,
504,lspace.com,https://lspace.com,Professional custom-domain Shopify store,Avada Top 500 Shopify Stores article,464,,,,,
505,fcpeffects.com,https://fcpeffects.com,Professional custom-domain Shopify store,Avada Top 500 Shopify Stores article,465,,,,,
506,nestbedding.com,https://nestbedding.com,Professional custom-domain Shopify store,Avada Top 500 Shopify Stores article,466,,,,,
507,daydesigner.com,https://daydesigner.com,Professional custom-domain Shopify store,Avada Top 500 Shopify Stores article,467,,,,,
508,biancachandon.com,https://biancachandon.com,Professional custom-domain Shopify store,Avada Top 500 Shopify Stores article,468,,,,,
509,essencemakeup.com,https://essencemakeup.com,Professional custom-domain Shopify store,Avada Top 500 Shopify Stores article,469,,,,,
510,babocush.com,https://babocush.com,Professional custom-domain Shopify store,Avada Top 500 Shopify Stores article,470,,,,,
511,carboncoco.com,https://carboncoco.com,Professional custom-domain Shopify store,Avada Top 500 Shopify Stores article,471,,,,,
512,herbivorebotanicals.com,https://herbivorebotanicals.com,Professional custom-domain Shopify store,Avada Top 500 Shopify Stores article,472,,,,,
513,baronfig.com,https://baronfig.com,Professional custom-domain Shopify store,Avada Top 500 Shopify Stores article,473,,,,,
514,tacticaldistributors.com,https://tacticaldistributors.com,Professional custom-domain Shopify store,Avada Top 500 Shopify Stores article,474,,,,,
515,ironandresin.com,https://ironandresin.com,Professional custom-domain Shopify store,Avada Top 500 Shopify Stores article,475,,,,,
516,blumaan.com,https://blumaan.com,Professional custom-domain Shopify store,Avada Top 500 Shopify Stores article,476,,,,,
517,hypland.com,https://hypland.com,Professional custom-domain Shopify store,Avada Top 500 Shopify Stores article,477,,,,,
518,alflahertys.com,https://alflahertys.com,Professional custom-domain Shopify store,Avada Top 500 Shopify Stores article,478,,,,,
519,radhabeauty.com,https://radhabeauty.com,Professional custom-domain Shopify store,Avada Top 500 Shopify Stores article,479,,,,,
